council,ward,code,lastYear,pcon,reformGE,reformBaseline,Constituency
Basildon,BILLERICAY EAST,E05004021,2022,,,0,Basildon and Billericay 
Basildon,Billericay West,E05004022,2022,,,0,Basildon and Billericay 
Basildon,Pitsea North West,E05004030,2022,,,0,South Basildon and East Thurrock
Basildon,Pitsea South East,E05004031,2022,,,0,Castle Point
Basildon,St. Martins,E05004032,2021,,,0,Basildon and Billericay 
Basildon,Vange,E05004033,2021,,,0,
Basildon,Wickford Castledon,E05004034,2022,,,0,
Bolton,Crompton,E05000654,2022,,,4.987405542,
Bolton,Farnworth,E05000655,2022,,,4.872231687,
Bolton,Harper Green,E05000658,2022,,,5.603985056,
Bolton,Horwich North East,E05000661,2022,,,1.065814015,
Brentwood,Brentwood West,E05004069,2022,,,0,
Brentwood,Brizes & Doddinghurst,E05004070,2022,,,0,
Brentwood,Herongate Ingrave & West Horndon,E05004071,2022,,,0,
Brentwood,Hutton East,E05004073,2022,,,0,
Brentwood,Tipps Cross,E05004080,2021,,,0,
Bury,Church,E05000671,2021,,,0,
Bury,East,E05000672,2021,,,0,
Dudley,Coseley East,E05001241,2022,,,0,
Dudley,Netherton Woodside & St. Andrews,E05001250,2022,,,0,
Dudley,Pedmore & Stourbridge East,E05001252,2022,,,0,
Dudley,St. James,E05001254,2022,,,0,
Dudley,St. Thomas,E05001255,2022,,,0,
Dudley,Wordsley,E05001259,2022,,,0,
Epping Forest,"Broadley Common, Epping Upland and Nazeing",E05004147,2022,,,0,
Epping Forest,BUCKHURST HILL EAST,E05004148,2022,,,0,
Epping Forest,BUCKHURST HILL WEST,E05004149,2022,,,0,
Epping Forest,Chigwell Row,E05004150,2021,,,0,
Epping Forest,Chigwell Village,E05004151,2022,,,0,
Epping Forest,Chipping Ongar Greensted & Marden Ash,E05004152,2022,,,2.725366876,
Epping Forest,Epping Hemnall,E05004153,2022,,,0,
Epping Forest,Epping Lindsey & Thornwood Common,E05004154,2022,,,0,
Epping Forest,Grange Hill,E05004155,2022,,,0,
Epping Forest,"Hastingwood, Matching and Sheering Village",E05008940,2022,,,0,
Epping Forest,High Ongar Willingale & The Rodings,E05004157,2021,,,0,
Epping Forest,Lambourne,E05004158,2022,,,0,
Epping Forest,Loughton Alderton,E05004159,2022,,,0,
Epping Forest,Loughton Broadway,E05004160,2022,,,0,
Epping Forest,Loughton Fairmead,E05004161,2022,,,0,
Epping Forest,LOUGHTON FOREST,E05004162,2022,,,0,
Epping Forest,Loughton Roding,E05004163,2022,,,0,
Epping Forest,Loughton St. Johns,E05004164,2022,,,0,
Epping Forest,Loughton St. Marys,E05004165,2022,,,0,
Epping Forest,Lower Nazeing,E05004166,2022,,,0,
Epping Forest,Lower Sheering,E05004167,2022,,,0,
Epping Forest,Moreton & Fyfield,E05008941,2021,,,7.590759076,
Epping Forest,North Weald Bassett,E05004169,2022,,,0,
Epping Forest,Passingford,E05004170,2021,,,0,
Epping Forest,Roydon,E05004171,2022,,,0,
Epping Forest,Shelley,E05004172,2022,,,0,
Epping Forest,THEYDON BOIS,E05004173,2022,,,0,
Epping Forest,Waltham Abbey High Beach,E05004174,2022,,,0,
Epping Forest,Waltham Abbey Honey Lane,E05004175,2022,,,0,
Epping Forest,Waltham Abbey North East,E05004176,2022,,,0,
Epping Forest,Waltham Abbey Paternoster,E05004177,2022,,,0,
Epping Forest,Waltham Abbey South West,E05004178,2021,,,0,
Fareham,Fareham East,E05004516,2022,,,0,
Fareham,Fareham North West,E05004518,2022,,,0,
Fareham,Fareham West,E05004520,2022,,,1.919720768,
Fareham,Portchester East,E05004524,2022,,,0,
Fareham,Portchester West,E05004525,2022,,,0,
Fareham,Warsash,E05004530,2022,,,0,
Gosport,Brockhurst,E05004535,2021,,,0,
Gosport,Christchurch,E05004536,2021,,,0,
Harlow,Church Langley,E05004180,2022,,,0,
Harlow,Staple Tye,E05004187,2022,,,0,
Harlow,Toddbrook,E05004189,2022,,,0,
Havant,Barncroft,E05004566,2022,,,0,
Havant,Battins,E05004567,2022,,,0,
Havant,BONDFIELDS,E05004569,2022,,,0,
Havant,HAYLING EAST,E05004573,2022,,,0,
Havant,HAYLING WEST,E05004574,2022,,,0,
Havant,St. Faiths,E05004576,2022,,,0,
North Tyneside,Collingwood,E05001119,2022,,,0,
North Tyneside,Northumberland,E05001126,2022,,,0,
North Tyneside,Riverside,E05001128,2022,,,0,
North Tyneside,St. Marys,E05001129,2022,,,0,
North Tyneside,Valley,E05001131,2022,,,3.889674682,
North Tyneside,Wallsend,E05001132,2022,,,0,
North Tyneside,Whitley Bay,E05001134,2022,,,0,
Reading,Mapledurham,E05002325,2021,,,0,
Reading,Minster,E05002326,2021,,,0,
Reading,Peppard,E05002329,2021,,,2.320916905,
Redditch,Abbey,E05007868,2022,,,0,
Redditch,Lodge Park,E05007876,2022,,,0,
Redditch,West,E05007878,2021,,,0,
Rochdale,Wardle & West Littleborough,E05000756,2021,,,0,
Slough,Langley Kedermister,E05009348,2022,,,0,
St Albans,Ashley,E05004785,2021,,,0,
St Albans,Harpenden North,E05004791,2021,,,0,
St Albans,Marshalswick East & Jersey Farm,E05013958,2022,,,0,
St Albans,Marshalswick North,E05004795,2021,,,0,
St Albans,Marshalswick South,E05004796,2021,,,0,
St Albans,Marshalswick West,E05013959,2022,,,0,
St Albans,Wheathampstead,E05004804,2021,,,0,
St Helens,Bold,E05000918,2021,,,0,
St Helens,Earlestown,E05000919,2021,,,0,
St Helens,Newton,E05000923,2021,,,0,
St Helens,Sutton,E05000927,2021,,,0,
St Helens,Town Centre,E05000929,2021,,,0,
Stevenage,ST. NICHOLAS,E05004814,2022,,,0,
Stockport,Stepping Hill,E05000799,2022,,,1.078293483,
Trafford,Clifford,E05000825,2022,,,0,
Trafford,Davyhulme East,E05000826,2022,,,0,
Trafford,Davyhulme West,E05000827,2022,,,0,
Trafford,Hale Barns,E05000830,2022,,,0,
Trafford,Priory,E05000833,2022,,,0,
Trafford,St. Marys,E05000834,2022,,,0,
Trafford,Timperley,E05000837,2022,,,0,
Trafford,Village,E05000839,2022,,,0,
Tunbridge Wells,Benenden & Cranbrook,E05005130,2022,,,0,
Tunbridge Wells,Brenchley & Horsmonden,E05005131,2022,,,0,
Tunbridge Wells,Broadwater,E05005132,2022,,,0,
Tunbridge Wells,Goudhurst & Lamberhurst,E05005136,2021,,,0,
Tunbridge Wells,Hawkhurst & Sandhurst,E05005137,2022,,,0,
Tunbridge Wells,Paddock Wood East,E05005138,2022,,,0,
Tunbridge Wells,Paddock Wood West,E05005139,2022,,,0,
Tunbridge Wells,Pantiles & St. Marks,E05005140,2022,,,0,
Tunbridge Wells,Speldhurst & Bidborough,E05005149,2022,,,0,
Tunbridge Wells,St. James,E05005144,2022,,,0,
Tunbridge Wells,ST. JOHNS,E05005145,2022,,,0,
West Lancashire,Ashurst,E05005357,2022,,,0,
West Lancashire,Aughton & Downholland,E05005358,2022,,,0,
West Lancashire,Aughton Park,E05005359,2022,,,0,
West Lancashire,Birch Green,E05005360,2021,,,0,
West Lancashire,Burscough East,E05005361,2022,,,0,
West Lancashire,Burscough West,E05005362,2022,,,0,
West Lancashire,Derby,E05005363,2022,,,0,
West Lancashire,Digmoor,E05005364,2021,,,0,
West Lancashire,Halsall,E05005365,2021,,,0,
West Lancashire,HESKETH-WITH-BECCONSALL,E05005366,2022,,,0,
West Lancashire,Knowsley,E05005367,2022,,,0,
West Lancashire,Moorside,E05005368,2022,,,0,
West Lancashire,Newburgh,E05005381,2022,,,0,
West Lancashire,NORTH MEOLS,E05005369,2022,,,0,
West Lancashire,PARBOLD,E05005370,2022,,,0,
West Lancashire,Rufford,E05005371,2021,,,0,
West Lancashire,Scarisbrick,E05005372,2022,,,0,
West Lancashire,Scott,E05005373,2022,,,0,
West Lancashire,Tanhouse,E05005376,2022,,,0,
West Lancashire,TARLETON,E05005377,2022,,,0,
West Lancashire,Wrightington,E05005379,2022,,,0,
Wigan,Ashton,E05000841,2022,,,0,
Wigan,Atherleigh,E05000844,2022,,,0,
Wigan,Atherton,E05000845,2022,,,0,
Wigan,Leigh East,E05000852,2022,,,0,
Wokingham,Charvil,E05002375,2021,,,0,
Wokingham,Hurst,E05002383,2021,,,0,
Wokingham,Sonning,E05002390,2022,,,0,
Wolverhampton,Bilston East,E05001321,2022,,,0,
Wolverhampton,Ettingshall,E05001327,2022,,,0,