council,ward_or_division,code,last_year
"Basildon","Vange","E05004033","2021"
"Basildon","Wickford Castledon","E05004034","2022"
"Bolton","Crompton","E05000654","2022"
"Bolton","Farnworth","E05000655","2022"
"Bolton","Harper Green","E05000658","2022"
"Bury","Church","E05000671","2021"
"Bury","East","E05000672","2021"
"Dudley","Netherton Woodside & St. Andrews","E05001250","2022"
"Dudley","Wordsley","E05001259","2022"
"Epping Forest","Hastingwood, Matching and Sheering Village","E05008940","2022"
"Epping Forest","Moreton & Fyfield","E05008941","2021"
"Epping Forest","Shelley","E05004172","2022"
"Fareham","Warsash","E05004530","2022"
"Gosport","Christchurch","E05004536","2021"
"Harlow","Church Langley","E05004180","2022"
"Harlow","Staple Tye","E05004187","2022"
"Harlow","Toddbrook","E05004189","2022"
"Havant","Barncroft","E05004566","2022"
"Havant","Battins","E05004567","2022"
"Havant","BONDFIELDS","E05004569","2022"
"North Tyneside","Collingwood","E05001119","2022"
"North Tyneside","Northumberland","E05001126","2022"
"North Tyneside","Riverside","E05001128","2022"
"North Tyneside","Valley","E05001131","2022"
"North Tyneside","Wallsend","E05001132","2022"
"North Tyneside","Whitley Bay","E05001134","2022"
"Nuneaton and Bedworth","Abbey","E05007474","2022"
"Nuneaton and Bedworth","Bar Pool","E05007477","2022"
"Nuneaton and Bedworth","Kingswood","E05007484","2022"
"Nuneaton and Bedworth","Wem Brook","E05007489","2022"
"Reading","Mapledurham","E05002325","2021"
"Reading","Minster","E05002326","2021"
"Reading","Peppard","E05002329","2021"
"Redditch","Abbey","E05007868","2022"
"Redditch","Lodge Park","E05007876","2022"
"Redditch","West","E05007878","2021"
"Slough","Langley Kedermister","E05009348","2022"
"St Albans","Ashley","E05004785","2021"
"St Helens","Earlestown","E05000919","2021"
"St Helens","Newton","E05000923","2021"
"St Helens","Sutton","E05000927","2021"
"Stockport","Stepping Hill","E05000799","2022"
"Trafford","Clifford","E05000825","2022"
"Trafford","Hale Barns","E05000830","2022"
"Trafford","Priory","E05000833","2022"
"Trafford","St. Marys","E05000834","2022"
"Trafford","Timperley","E05000837","2022"
"Trafford","Village","E05000839","2022"
"Tunbridge Wells","Benenden & Cranbrook","E05005130","2022"
"Tunbridge Wells","Brenchley & Horsmonden","E05005131","2022"
"Tunbridge Wells","Broadwater","E05005132","2022"
"Tunbridge Wells","Goudhurst & Lamberhurst","E05005136","2021"
"West Lancashire","Ashurst","E05005357","2022"
"West Lancashire","Birch Green","E05005360","2021"
"West Lancashire","Burscough East","E05005361","2022"
"West Lancashire","Burscough West","E05005362","2022"
"West Lancashire","Derby","E05005363","2022"
"West Lancashire","Digmoor","E05005364","2021"
"West Lancashire","Halsall","E05005365","2021"
"West Lancashire","HESKETH-WITH-BECCONSALL","E05005366","2022"
"West Lancashire","Knowsley","E05005367","2022"
"West Lancashire","Moorside","E05005368","2022"
"West Lancashire","Newburgh","E05005381","2022"
"West Lancashire","PARBOLD","E05005370","2022"
"West Lancashire","Scarisbrick","E05005372","2022"
"West Lancashire","Scott","E05005373","2022"
"West Lancashire","Wrightington","E05005379","2022"
"Wigan","Ashton","E05000841","2022"
"Wigan","Atherleigh","E05000844","2022"
"Wigan","Atherton","E05000845","2022"
"Wokingham","Charvil","E05002375","2021"
"Wokingham","Sonning","E05002390","2022"
"Wolverhampton","Ettingshall","E05001327","2022"