council,ward_code,ward_name,projected_labour_seats,projected_top,actual_winners
"Buckinghamshire","E05013120","Abbey","2","Labour 28.5 | Reform 26.2 | Conservative 16.0","Conservative 4"
"Buckinghamshire","E05013131","Booker/ Cressex & Castlefield","3","Labour 40.4 | Reform 31.9 | WYC IND 9.6","No actual row"
"Buckinghamshire","E05013133","Buckingham West","3","Labour 35.1 | Reform 28.5 | Liberal Democrat 15.3","No actual row"
"Cambridgeshire","E58000050","Abbey","1","Labour 37.2 | Green 33.7 | Reform 18.7","Green 2"
"Cambridgeshire","E58000057","Castle","1","Labour 36.2 | Liberal Democrat 28.6 | Green 19.0","Liberal Democrat 2"
"Cambridgeshire","E58000060","Chesterton","1","Labour 35.5 | Liberal Democrat 31.3 | Reform 17.5","Liberal Democrat 2"
"Cambridgeshire","E58000078","Market","1","Labour 34.2 | Liberal Democrat 28.2 | Green 23.4","Liberal Democrat 2"
"Cambridgeshire","E58000086","Romsey","1","Labour 47.9 | Green 22.1 | Reform 16.3","Green 2"
"County Durham","E05009037","Benfieldside","1","Reform 35.0 | Labour 33.0 | DER IND 26.7","Reform 4"
"County Durham","E05009040","Blackhalls","2","Labour 50.0 | Reform 39.0 | NEP 11.0","No actual row"
"County Durham","E05009041","Brandon","1","Labour 32.9 | Green 32.5 | Reform 31.6","Green 4"
"County Durham","E05009042","Burnopfield & Dipton","1","Labour 35.0 | Reform 34.7 | IND 21.9","No actual row"
"County Durham","E05009050","Coundon","1","Labour 49.5 | Reform 40.0 | IND 6.5","No actual row"
"County Durham","E05009052","Craghead & South Moor","2","Labour 39.1 | Reform 32.8 | DER IND 27.1","Reform 4"
"County Durham","E05009054","Dawdon","2","Labour 37.2 | Reform 32.4 | SCP 30.0","No actual row"
"County Durham","E05009055","Deerness","3","Labour 40.3 | Reform 36.7 | Liberal Democrat 14.7","Reform 4"
"County Durham","E05009056","Delves Lane","1","Reform 38.2 | Labour 36.6 | Conservative 15.2","Reform 4"
"County Durham","E05009057","Deneside","1","Reform 35.4 | Labour 34.9 | SCP 29.7","No actual row"
"County Durham","E05009059","Easington","2","Labour 42.7 | Reform 36.2 | IND 12.8","No actual row"
"County Durham","E05009060","Elvet & Gilesgate","1","Liberal Democrat 28.7 | Labour 27.7 | Reform 24.0","No actual row"
"County Durham","E05009065","Horden","2","Labour 42.0 | Reform 34.2 | NEP 23.8","No actual row"
"County Durham","E05009069","Murton","2","Labour 47.2 | Reform 33.1 | IND 19.7","Reform 4"
"County Durham","E05009073","Pelton","3","Labour 44.2 | Reform 36.7 | IND 15.8","Reform 6"
"County Durham","E05009076","Sacriston","2","Labour 38.6 | Reform 36.2 | Green 22.9","No actual row"
"County Durham","E05009077","Seaham","1","Reform 37.7 | Labour 36.6 | SCP 23.9","Reform 4"
"County Durham","E05009079","Sherburn","2","Labour 55.3 | Reform 35.5 | Liberal Democrat 8.1","No actual row"
"County Durham","E05009083","Stanley","1","Labour 40.1 | Reform 38.1 | DER IND 14.9","Reform 4"
"County Durham","E05009086","Trimdon & Thornley","2","Labour 40.7 | Reform 38.3 | FBM 14.7","No actual row"
"County Durham","E05009089","West Auckland","1","Reform 36.9 | Labour 36.3 | IND 16.9","Reform 4"
"County Durham","E05009090","Willington & Hunwick","2","Labour 46.1 | Reform 35.5 | Conservative 18.4","Reform 4"
"County Durham","E05009091","Wingate","1","Labour 61.4 | Reform 37.5 | Green 0.6","No actual row"
"Derbyshire","E58000193","Alfreton & Somercotes","1","Reform 32.9 | Labour 31.2 | Conservative 22.1","Reform 2"
"Derbyshire","E58000197","Bakewell","1","Labour 39.5 | Reform 32.1 | Conservative 28.4","Conservative 2"
"Derbyshire","E58000198","Barlborough & Clowne","1","Labour 35.2 | Reform 32.9 | Conservative 26.7","Reform 2"
"Derbyshire","E58000199","Belper","1","Labour 34.2 | Reform 32.9 | Conservative 14.0","No actual row"
"Derbyshire","E58000200","Birdholme","1","Labour 46.8 | Reform 33.0 | Green 11.6","No actual row"
"Derbyshire","E58000201","Bolsover North","1","Labour 38.3 | Reform 34.2 | IND 20.0","No actual row"
"Derbyshire","E58000202","Bolsover South","1","Labour 40.5 | Reform 36.6 | Conservative 14.5","No actual row"
"Derbyshire","E58000203","Boythorpe & Brampton South","1","Labour 33.9 | Reform 29.4 | Liberal Democrat 27.4","No actual row"
"Derbyshire","E58000206","Brimington","1","Labour 51.9 | Reform 33.0 | IND 7.9","Reform 2"
"Derbyshire","E58000207","Buxton North & East","1","Labour 37.4 | Reform 34.7 | Conservative 19.6","Reform 2"
"Derbyshire","E58000208","Buxton West","1","Labour 36.6 | Reform 32.9 | Conservative 17.1","No actual row"
"Derbyshire","E58000211","Clay Cross South","1","Labour 47.6 | Reform 41.9 | Conservative 9.7","No actual row"
"Derbyshire","E58000218","Etherow","1","Labour 42.7 | Reform 32.9 | Conservative 13.3","Reform 2"
"Derbyshire","E58000220","Glossop & Charlesworth","2","Labour 38.3 | Reform 32.9 | Green 12.7","No actual row"
"Derbyshire","E58000225","Ilkeston East","1","Labour 34.2 | Reform 32.9 | Conservative 23.2","No actual row"
"Derbyshire","E58000226","Ilkeston South","1","Labour 37.7 | Reform 32.9 | Conservative 19.6","No actual row"
"Derbyshire","E58000233","New Mills","1","Labour 35.7 | Reform 32.3 | Liberal Democrat 24.6","No actual row"
"Derbyshire","E58000239","Shirebrook & Pleasley","1","Labour 52.0 | Reform 33.1 | Liberal Democrat 4.7","Reform 2"
"Derbyshire","E58000240","South Normanton & Pinxton","1","Labour 36.3 | Reform 33.3 | Conservative 18.2","Reform 2"
"Derbyshire","E58000241","Spire","1","Labour 41.6 | Reform 29.9 | Liberal Democrat 16.5","Liberal Democrat 2"
"Derbyshire","E58000245","Sutton","1","Labour 36.9 | Reform 34.8 | Conservative 16.8","Reform 2"
"Derbyshire","E58000246","Swadlincote Central","1","Labour 34.3 | Reform 32.2 | Conservative 26.0","No actual row"
"Derbyshire","E58000247","Swadlincote North","1","Labour 42.5 | Reform 32.2 | Conservative 22.7","No actual row"
"Derbyshire","E58000251","Whaley Bridge","1","Labour 46.2 | Reform 31.7 | Conservative 13.2","Independent 2"
"Devon","E58000254","Alphington & Cowick","1","Labour 38.7 | Reform 30.4 | Liberal Democrat 13.7","Reform 2"
"Devon","E58000273","Duryard & Pennsylvania","1","Labour 32.6 | Reform 26.3 | Green 19.1","Liberal Democrat 2"
"Devon","E58000277","Exwick & St Thomas","1","Labour 45.2 | Reform 29.0 | Green 13.8","Reform 2"
"Devon","E58000281","Heavitree & Whipton Barton","1","Labour 39.7 | Reform 30.3 | Green 21.9","Green 2"
"Devon","E58000293","Pinhoe & Mincinglake","1","Labour 45.8 | Reform 32.2 | Green 8.2","Reform 2"
"Devon","E58000300","St Sidwells & St James","1","Labour 42.8 | Green 23.4 | Reform 21.6","Green 2"
"Devon","E58000307","Wearside & Topsham","1","Labour 29.5 | Reform 28.1 | Green 17.3","Conservative 2"
"Devon","E58000310","Wonford & St Loyes","1","Labour 39.7 | Reform 31.3 | Conservative 11.3","Reform 2"
"Doncaster","E05010728","Adwick Le Street & Carcroft","3","Labour 50.7 | Reform 36.2 | Green 13.1","Reform 6"
"Doncaster","E05010733","Conisbrough","3","Labour 46.3 | Reform 39.9 | TUSC 7.0","Reform 6"
"Gloucestershire","E58000487","Cinderford","1","Labour 47.5 | Reform 30.6 | Green 13.1","Reform 2"
"Gloucestershire","E58000493","Dursley","1","Labour 47.1 | Reform 30.7 | Conservative 19.0","Green 2"
"Gloucestershire","E58001794","Rodborough","1","Labour 31.7 | Reform 28.8 | Green 22.9","Green 2"
"Gloucestershire","E58001795","Stroud Central","1","Labour 36.8 | Green 31.2 | Reform 25.4","Green 2"
"Hertfordshire","E58000603","Bedwell","1","Labour 44.3 | Reform 35.2 | Green 8.3","Reform 2"
"Hertfordshire","E58000608","Borehamwood North","1","Labour 50.3 | Reform 32.9 | Conservative 8.0","Reform 2"
"Hertfordshire","E58000609","Borehamwood South","1","Labour 44.5 | Reform 31.0 | Conservative 10.9","Reform 2"
"Hertfordshire","E58000652","Callowland Leggatts/North","1","Labour 35.8 | Liberal Democrat 27.1 | Reform 26.1","Liberal Democrat 2"
"Hertfordshire","E58000653","Old Stevenage","1","Labour 38.7 | Reform 32.8 | Conservative 13.5","Reform 2"
"Hertfordshire","E58000654","Potters Bar East","1","Labour 31.6 | Reform 31.1 | Conservative 24.7","Conservative 2"
"Hertfordshire","E58000661","Shephall","1","Labour 37.5 | Reform 35.6 | Conservative 15.8","Reform 2"
"Hertfordshire","E58000662","South Oxhey & Eastbury","1","Labour 33.9 | Reform 31.0 | Conservative 16.9","Conservative 2"
"Hertfordshire","E58000639","St. Andrews","1","Labour 40.8 | Reform 29.2 | Conservative 16.6","Green 2"
"Hertfordshire","E58000671","Waltham Cross","1","Labour 39.2 | Reform 34.6 | Conservative 15.1","Conservative 2"
"Hertfordshire","E58000676","Welwyn Garden City South","1","Labour 39.5 | Reform 32.4 | Conservative 17.3","Reform 2"
"Kent","E58000684","Ashford South","1","Labour 34.5 | Reform 33.9 | Conservative 12.4","Reform 2"
"Kent","E58000695","Dartford North East","1","Labour 37.5 | Reform 36.1 | Green 16.2","Reform 2"
"Kent","E58000724","Margate","1","Labour 36.1 | Reform 33.7 | Green 16.4","Reform 2"
"Kent","E58000725","Northfleet & Gravesend West","1","Labour 34.0 | Reform 33.7 | Green 12.5","Reform 4"
"Kent","E58000744","Tunbridge Wells North","1","Labour 30.2 | Reform 25.3 | Liberal Democrat 23.1","Liberal Democrat 2"
"Kent","E58000749","Whitstable West","1","Labour 33.2 | Reform 30.6 | Conservative 16.0","Green 2"
"Leicestershire","E58000838","Braunstone","1","Labour 39.1 | Reform 33.8 | Conservative 11.5","Reform 2"
"Leicestershire","E58000858","Loughborough North","1","Labour 39.2 | Reform 34.0 | Green 14.7","Reform 2"
"Leicestershire","E58000859","Loughborough North West","1","Labour 45.3 | Reform 35.0 | Green 14.4","Reform 2"
"Lincolnshire","E58000931","Park","1","Labour 37.0 | Reform 35.0 | Green 14.4","Liberal Democrat 2"
"North Northamptonshire","E05013218","Croyland & Swanspool","2","Labour 38.2 | Reform 38.0 | Conservative 11.7","Reform 4"
"North Northamptonshire","E05013227","Kingswood","3","Labour 48.1 | Reform 36.8 | Green 13.5","Reform 6"
"North Northamptonshire","E05013228","Lloyds","3","Labour 50.1 | Reform 34.9 | Green 14.2","No actual row"
"North Northamptonshire","E05013229","Northall","2","Labour 36.7 | Reform 34.8 | Conservative 13.8","No actual row"
"North Northamptonshire","E05013230","Oakley","3","Labour 37.1 | Reform 34.0 | Liberal Democrat 23.9","Reform 6"
"Northumberland","E05009094","Amble","1","Labour 47.4 | Reform 36.5 | Conservative 13.9","Reform 2"
"Northumberland","E05013862","Bothal","1","Labour 52.7 | Reform 35.2 | Liberal Democrat 12.0","Reform 2"
"Northumberland","E05009106","Bywell","1","Labour 50.8 | Reform 25.6 | Conservative 15.1","No actual row"
"Northumberland","E05009108","College","1","Labour 63.7 | Reform 36.1 | Green 0.2","No actual row"
"Northumberland","E05009110","Cowpen","1","Labour 42.9 | Reform 40.4 | Conservative 8.6","Reform 2"
"Northumberland","E05009117","Croft","1","Labour 51.6 | Reform 44.6 | IND 2.7","Reform 2"
"Northumberland","E05009120","Hartley","1","Labour 42.9 | Reform 34.7 | Conservative 18.9","Reform 2"
"Northumberland","E05009121","Haydon","1","Labour 61.2 | Reform 37.1 | Conservative 1.7","Reform 2"
"Northumberland","E05009123","Hexham Central With Acomb","1","Labour 35.4 | Reform 29.6 | Conservative 15.5","No actual row"
"Northumberland","E05009126","Hirst","1","Labour 55.4 | Reform 42.5 | Green 2.0","Reform 2"
"Northumberland","E05009129","Isabella","1","Labour 52.5 | Reform 40.9 | Conservative 6.3","Reform 2"
"Northumberland","E05009130","Kitty Brewster","1","Labour 41.5 | Reform 37.9 | Conservative 17.7","No actual row"
"Northumberland","E05013270","Newsham","1","Labour 41.4 | Reform 38.1 | Conservative 11.0","Reform 2"
"Northumberland","E05009146","Prudhoe North","1","Labour 52.7 | Reform 29.5 | Conservative 16.7","No actual row"
"Northumberland","E05009147","Prudhoe South","1","Labour 38.1 | Reform 32.7 | Conservative 29.2","Conservative 2"
"Northumberland","E05009149","Seaton With Newbiggin West","1","Labour 60.4 | Reform 36.4 | Conservative 2.1","No actual row"
"Northumberland","E05013271","Seghill & Seaton Delaval","1","Labour 43.5 | Reform 34.3 | Conservative 21.3","No actual row"
"Northumberland","E05009152","Sleekburn","1","Labour 38.7 | Reform 36.5 | IND 24.8","Reform 2"
"Northumberland","E05009155","Stakeford","1","Labour 46.7 | Reform 36.8 | Conservative 16.4","Reform 2"
"Northumberland","E05009157","Wensleydale","1","Labour 52.5 | Reform 37.7 | Conservative 9.1","Reform 2"
"Nottinghamshire","E58001166","Arnold North","2","Labour 44.7 | Reform 34.8 | Conservative 10.1","Reform 4"
"Nottinghamshire","E58001170","Beeston Central & Rylands","1","Labour 48.3 | Reform 28.9 | Green 17.2","Broxtowe Alliance 2"
"Nottinghamshire","E58001174","Blyth & Harworth","1","Labour 39.3 | Reform 38.2 | IND 11.1","Reform 2"
"Nottinghamshire","E58001177","Carlton East","1","Labour 40.8 | Reform 33.3 | Conservative 16.5","Conservative 2"
"Nottinghamshire","E58001178","Carlton West","2","Labour 41.4 | Reform 35.0 | Green 11.6","Reform 4"
"Nottinghamshire","E58001190","Leake & Ruddington","1","Reform 29.7 | Labour 28.0 | Conservative 18.5","Conservative 2 | Reform 2"
"Nottinghamshire","E58001201","Ollerton","1","Labour 39.3 | Reform 38.1 | Conservative 16.9","Reform 2"
"Nottinghamshire","E58001216","West Bridgford South","1","Labour 27.1 | Reform 26.2 | Conservative 21.1","Conservative 2"
"Nottinghamshire","E58001217","West Bridgford West","1","Labour 37.5 | Reform 26.6 | Conservative 18.5","Conservative 2"
"Nottinghamshire","E58001218","Worksop East","1","Labour 48.6 | Reform 38.6 | IND 5.0","Reform 2"
"Nottinghamshire","E58001221","Worksop West","1","Labour 45.3 | Reform 36.2 | Conservative 13.8","Reform 2"
"Oxfordshire","E58001226","Banbury Grimsbury & Castle","1","Labour 45.7 | Reform 30.2 | Green 10.6","Conservative 2"
"Oxfordshire","E58001242","Cowley","1","Labour 41.8 | Reform 23.1 | Green 17.7","Independent 2"
"Oxfordshire","E58001736","Didcot West","1","Labour 34.3 | Reform 27.6 | Conservative 19.1","Conservative 2"
"Oxfordshire","E58001267","Rose Hill & Littlemore","1","Labour 42.4 | Reform 27.3 | Green 13.4","Independent 2"
"Oxfordshire","E58001270","St. Clements & Cowley Marsh","1","Labour 30.3 | Reform 24.7 | Green 23.8","No actual row"
"Oxfordshire","E58001274","University Parks","1","Labour 33.5 | Green 25.6 | Reform 25.3","No actual row"
"Shropshire","E05008141","Bayston Hill Column & Sutton","3","Labour 43.1 | Reform 32.5 | Green 14.5","No actual row"
"Shropshire","E05008146","Bridgnorth West & Tasley","2","Labour 43.7 | Reform 33.9 | Liberal Democrat 13.1","Independent 2"
"Shropshire","E05008173","Monkmoor","1","Labour 34.4 | Reform 33.4 | Liberal Democrat 28.7","Liberal Democrat 2"
"Shropshire","E05008183","St. Martins","1","Labour 33.9 | Reform 33.4 | Conservative 30.6","Reform 4"
"Shropshire","E05008190","Sundorne","1","Labour 60.6 | Reform 32.4 | Green 6.9","No actual row"
"Staffordshire","E58001338","Audley & Chesterton","1","Labour 32.3 | Reform 30.5 | Conservative 19.4","Reform 2"
"Staffordshire","E58001341","Bolebridge","1","Labour 32.0 | Reform 30.6 | Conservative 29.1","No actual row"
"Staffordshire","E58001342","Bradwell/ Porthill & Wolstanton","1","Labour 37.7 | Reform 30.5 | Conservative 22.7","No actual row"
"Staffordshire","E58001345","Burntwood North","1","Labour 45.2 | Reform 30.5 | Conservative 18.7","Reform 2"
"Staffordshire","E58001346","Burntwood South","1","Labour 42.7 | Reform 30.5 | Conservative 17.7","Reform 2"
"Staffordshire","E58001348","Burton Town","1","Labour 47.0 | Reform 30.4 | Liberal Democrat 8.2","Reform 2"
"Staffordshire","E58001353","Chadsmoor","1","Labour 40.5 | Reform 31.4 | Conservative 16.3","Reform 2"
"Staffordshire","E58001368","Leek South","1","Labour 53.8 | Reform 32.0 | Conservative 8.1","Reform 2"
"Staffordshire","E58001375","May Bank & Cross Heath","1","Labour 37.7 | Reform 30.5 | Conservative 19.6","No actual row"
"Staffordshire","E58001382","Stafford Central","1","Labour 40.6 | Reform 30.5 | Green 15.1","Reform 2"
"Staffordshire","E58001386","Stafford West","1","Labour 35.5 | Reform 30.5 | Conservative 19.2","No actual row"
"Staffordshire","E58001390","Talke & Red Street","1","Labour 37.8 | Reform 30.5 | Conservative 22.0","Reform 2"
"Staffordshire","E58001393","Watling North","1","Labour 31.7 | Reform 30.5 | Conservative 29.8","No actual row"
"Warwickshire","E58001577","Leamington Clarendon","1","Labour 40.4 | Liberal Democrat 23.5 | Reform 20.8","Liberal Democrat 2"
"Warwickshire","E58001581","New Bilton & Overslade","1","Labour 37.3 | Reform 32.0 | Liberal Democrat 15.3","Reform 2"
"Warwickshire","E58001582","Nuneaton Abbey","1","Labour 45.4 | Reform 35.6 | Green 12.9","Reform 2"
"Warwickshire","E58001584","Polesworth","1","Labour 35.7 | Reform 33.2 | Conservative 22.2","Reform 2"
"Warwickshire","E58001593","Warwick North","1","Labour 46.2 | Reform 29.2 | Conservative 13.0","Green 2"
"West Northamptonshire","E05013240","Billing & Rectory Farm","3","Labour 39.7 | Reform 36.2 | Conservative 15.8","No actual row"
"West Northamptonshire","E05013264","St. George","3","Labour 35.9 | Reform 32.6 | Liberal Democrat 12.0","No actual row"
"Wiltshire","E05013439","Laverstock","1","Labour 38.9 | Reform 28.7 | Liberal Democrat 10.0","Liberal Democrat 2"
"Wiltshire","E05013453","Old Sarum & Lower Bourne Valley","1","Labour 30.8 | Reform 28.0 | Conservative 17.9","Conservative 2"
"Wiltshire","E05013462","Salisbury Bemerton Heath","1","Labour 45.2 | Reform 32.7 | Liberal Democrat 14.1","Reform 2"
"Worcestershire","E58001671","Arrow Valley West","2","Labour 34.5 | Reform 30.5 | Conservative 19.7","No actual row"
"Worcestershire","E58001681","Bromsgrove West","1","Labour 58.0 | Reform 29.4 | Green 7.6","Reform 2"
"Worcestershire","E58001691","Gorse Hill & Warndon","1","Labour 36.3 | Reform 30.5 | Conservative 18.6","No actual row"
"Worcestershire","E58001699","Nunnery","1","Labour 36.7 | Reform 32.0 | Conservative 14.7","Reform 2 | Conservative 2"
"Worcestershire","E58001703","Rainbow Hill","1","Labour 46.6 | Reform 32.8 | Green 15.6","No actual row"
"Worcestershire","E58001704","Redditch North","2","Labour 32.7 | Reform 30.5 | Conservative 21.8","No actual row"